City_ID,City,Country,Latitude,Longitude,Max_Temp(F),Humidity(%),Cloudiness,Wind_Speed(MPH)
1,marawi,sd,18.4833,31.8167,85.35,17,7,12.8
2,butaritari,ki,3.0707,172.7902,82.09,83,68,20.54
3,balkanabat,tm,39.5108,54.3671,55,63,1,7.61
4,rikitea,pf,-23.1203,-134.9692,78.37,70,29,5.55
5,jamestown,sh,-15.9387,-5.7168,69.19,88,85,12.39
6,hilo,us,19.7297,-155.09,75.04,62,1,5.84
7,touros,br,-5.1989,-35.4608,89.6,59,81,13.62
8,hermanus,za,-34.4187,19.2345,75,60,25,4.76
9,sayansk,ru,54.1088,102.1648,26.94,94,88,12.93
10,baruun-urt,mn,46.6806,113.2792,13.41,91,0,8.57
11,nouadhibou,mr,20.931,-17.0347,71.6,58,0,9.53
12,chuy,uy,-33.6971,-53.4616,68.95,88,99,4.59
13,pangnirtung,ca,66.1451,-65.7125,21.36,73,0,2.91
14, homa  bay ,ke,-0.5273,34.4571,83.57,46,93,6.6
15,bluff,nz,-46.6,168.3333,60.26,92,100,12.12
16,luanda,ao,-8.8368,13.2343,82.54,67,81,11.21
17,longyearbyen,sj,78.2186,15.6401,8.6,77,70,7.14
18,ushuaia,ar,-54.8,-68.3,66.83,58,98,4.29
19,kaitangata,nz,-46.2817,169.8464,62.01,92,100,3.06
20,muzhi,ru,65.3667,64.6667,-12.93,89,100,18.3
21,albany,au,-35.0169,117.8917,76.1,48,25,8.46
22,severo-kurilsk,ru,50.6789,156.125,25.36,84,34,1.92
23,hermanus,za,-34.4187,19.2345,75,60,25,4.76
24,albany,au,-35.0169,117.8917,76.1,48,25,8.46
25,ushuaia,ar,-54.8,-68.3,66.83,58,98,4.29
26, presidencia  roque  saenz  pena ,ar,-26.7852,-60.4388,97.74,19,43,2.75
27, juan  lacaze ,uy,-34.4342,-57.4381,74.73,77,98,16.78
28,bilibino,ru,68.0546,166.4372,5.32,82,100,8.28
29,avarua,ck,-21.2078,-159.775,82.62,74,27,11.86
30,faanui,pf,-16.4833,-151.75,81.93,77,13,12.97
31, vila  franca  do  campo ,pt,37.7167,-25.4333,61.43,75,100,17.69
32,luganville,vu,-15.5333,167.1667,84.78,64,34,2.86
33, cape  town ,za,-33.9258,18.4232,74.55,61,7,13.94
34,khash,ir,28.2211,61.2158,70.79,25,11,7.49
35,lloydminster,ca,53.2835,-110.0016,-17.01,79,29,15.88
36, te  anau ,nz,-45.4167,167.7167,58.1,90,100,4.32
37,sayansk,ru,54.1088,102.1648,26.94,94,88,12.93
38,beringovskiy,ru,63.05,179.3167,3.24,93,100,7.56
39,albany,au,-35.0169,117.8917,76.1,48,25,8.46
40,yulara,au,-25.2406,130.9889,99.64,16,22,20.13
41,rikitea,pf,-23.1203,-134.9692,78.37,70,29,5.55
42,iqaluit,ca,63.7506,-68.5145,29.5,95,100,6.42
43,atuona,pf,-9.8,-139.0333,79.83,76,75,21.41
44,bandarbeyla,so,9.4942,50.8122,79.36,65,59,21.12
45,avarua,ck,-21.2078,-159.775,82.62,74,27,11.86
46,georgetown,sh,-7.9333,-14.4167,82.4,80,69,16.8
47,hermanus,za,-34.4187,19.2345,75,60,25,4.76
48,adrar,dz,25.75,-1,72.93,23,0,10.27
49,mahebourg,mu,-20.4081,57.7,82.98,69,22,11.07
50,winnemucca,us,40.973,-117.7357,48.7,41,94,5.86
51,rikitea,pf,-23.1203,-134.9692,78.37,70,29,5.55
52,gunjur,gm,13.2019,-16.7339,91.4,25,0,9.4
53,ushuaia,ar,-54.8,-68.3,66.83,58,98,4.29
54,kargasok,ru,59.0556,80.8572,10.29,93,100,17.07
55,myanaung,mm,18.2833,95.3167,91.81,18,15,4.21
56,namatanai,pg,-3.6667,152.4333,85.86,71,23,8.25
57,tiksi,ru,71.6872,128.8694,-18.51,86,75,4.25
58, new  norfolk ,au,-42.7826,147.0587,61.23,50,100,4
59,atuona,pf,-9.8,-139.0333,79.83,76,75,21.41
60,hobart,au,-42.8794,147.3294,58.53,58,96,7.07
61, ponta  do  sol ,cv,17.1994,-25.0919,73.4,71,100,16.78
62,caravelas,br,-17.7125,-39.2481,80.15,90,100,7.54
63,luderitz,na,-26.6481,15.1594,80.15,39,0,24.36
64, san  lorenzo ,bo,-17.528,-65.9237,70.3,46,63,0.27
65,bredasdorp,za,-34.5322,20.0403,82.47,43,12,8.68
66,soyo,ao,-6.1349,12.3689,84.2,72,93,8.75
67,flinders,au,-34.5833,150.8552,69.55,70,87,8.95
68,kodiak,us,57.79,-152.4072,32,89,0,9.19
69,castanos,mx,26.7833,-101.4167,81.14,19,100,5.39
70, punta  arenas ,cl,-53.15,-70.9167,69.4,52,99,13.6
71,kapaa,us,22.0752,-159.319,74.71,57,53,10.18
72,pumiao,cn,22.75,108.4833,64.83,87,100,9.55
73, new  norfolk ,au,-42.7826,147.0587,61.23,50,100,4
74,cidreira,br,-30.1811,-50.2056,76.33,61,0,8.52
75,hobyo,so,5.3505,48.5268,82.94,60,66,21.09
76, port  elizabeth ,za,-33.918,25.5701,75.7,53,68,18.99
77,bluff,nz,-46.6,168.3333,60.26,92,100,12.12
78, east  london ,za,-33.0153,27.9116,75.25,61,91,18.59
79,mormugao,in,15.4,73.8,88.05,39,43,8.32
80,buraydah,sa,26.326,43.975,64.29,55,1,6.31
81, mount  gambier ,au,-37.8333,140.7667,75.4,40,0,8.3
82,zalantun,cn,48,122.7167,23.52,88,0,8.19
83,albany,au,-35.0169,117.8917,76.1,48,25,8.46
84,rikitea,pf,-23.1203,-134.9692,78.37,70,29,5.55
85,srednekolymsk,ru,67.45,153.6833,5.49,89,97,7.83
86,vaini,to,-21.2,-175.2,80.87,83,100,33.02
87,rikitea,pf,-23.1203,-134.9692,78.37,70,29,5.55
88,concordia,ar,-31.393,-58.0209,89.19,36,0,5.37
89, punta  arenas ,cl,-53.15,-70.9167,69.4,52,99,13.6
90,vite,in,17.2833,74.55,85.12,22,47,12.82
91, henties  bay ,na,-22.116,14.2845,69.49,71,36,12.44
92,hualmay,pe,-11.0964,-77.6139,77.23,64,97,10.09
93,salalah,om,17.0151,54.0924,77.38,51,1,12.35
94, san  cristobal ,ve,7.7669,-72.225,91.4,35,40,6.38
95,atuona,pf,-9.8,-139.0333,79.83,76,75,21.41
96, east  london ,za,-33.0153,27.9116,75.25,61,91,18.59
97,quirinopolis,br,-18.4483,-50.4517,84.9,54,0,3.67
98,bethel,us,41.3712,-73.414,25.11,55,1,4.16
99,beysehir,tr,37.6773,31.7246,55.78,41,100,12.66
100,busselton,au,-33.65,115.3333,70.2,61,75,15.19
101,busselton,au,-33.65,115.3333,70.2,61,75,15.19
102, tuyen  quang ,vn,21.8233,105.2181,63.46,89,100,1.48
103, cabo  san  lucas ,mx,22.8909,-109.9124,73.13,44,0,4.34
104,bethel,us,41.3712,-73.414,25.11,55,1,4.16
105,leningradskiy,ru,69.3833,178.4167,-19.82,84,82,11.01
106,rikitea,pf,-23.1203,-134.9692,78.37,70,29,5.55
107,ushuaia,ar,-54.8,-68.3,66.83,58,98,4.29
108,albany,au,-35.0169,117.8917,76.1,48,25,8.46
109,hearst,ca,49.6835,-83.6665,-2.4,53,0,7.54
110,hilo,us,19.7297,-155.09,75.04,62,1,5.84
111,upernavik,gl,72.7868,-56.1549,19.08,76,70,4.14
112,tiksi,ru,71.6872,128.8694,-18.51,86,75,4.25
113,pevek,ru,69.7008,170.3133,0.57,79,98,1.5
114,ushuaia,ar,-54.8,-68.3,66.83,58,98,4.29
115, port  elizabeth ,za,-33.918,25.5701,75.7,53,68,18.99
116,sergeyevka,kz,53.88,67.4158,9.81,90,95,15.79
117,busselton,au,-33.65,115.3333,70.2,61,75,15.19
118,paredon,mx,16.0333,-93.8667,85.35,52,0,9.84
119, haines  junction ,ca,60.7522,-137.5108,-8.7,83,100,1.86
120,gushikawa,jp,26.3544,127.8686,61.59,64,100,14.92
121,rikitea,pf,-23.1203,-134.9692,78.37,70,29,5.55
122,rikitea,pf,-23.1203,-134.9692,78.37,70,29,5.55
123, mar  del  plata ,ar,-38.0023,-57.5575,68,61,28,18.63
124,jamestown,sh,-15.9387,-5.7168,69.19,88,85,12.39
125,omsukchan,ru,62.5333,155.8,3.02,91,98,3.38
126,lethem,gy,3.3803,-59.7968,94.48,44,78,11.72
127,kapaa,us,22.0752,-159.319,74.71,57,53,10.18
128,kavieng,pg,-2.5744,150.7967,84.9,75,13,8.59
129,jamestown,sh,-15.9387,-5.7168,69.19,88,85,12.39
130, clyde  river ,ca,70.4692,-68.5914,6.26,86,5,10.83
131,atuona,pf,-9.8,-139.0333,79.83,76,75,21.41
132, valle  hermoso ,mx,25.6667,-97.8333,77.25,74,92,15.48
133, port  alfred ,za,-33.5906,26.891,75.6,57,81,20.22
134, east  london ,za,-33.0153,27.9116,75.25,61,91,18.59
135,dikson,ru,73.5069,80.5464,-28.35,86,89,11.86
136, port  elizabeth ,za,-33.918,25.5701,75.7,53,68,18.99
137,ushuaia,ar,-54.8,-68.3,66.83,58,98,4.29
138,albany,au,-35.0169,117.8917,76.1,48,25,8.46
139,geraldton,au,-28.7667,114.6,73.06,58,60,11.1
140,saldanha,za,-33.0117,17.9442,71.6,73,0,20.18
141,yamada,jp,39.4667,141.95,32.83,81,6,16.42
142,provideniya,ru,64.3833,-173.3,1.02,80,76,13.58
143,maceio,br,-9.6658,-35.7353,87.8,60,5,12.24
144,labuhan,id,-6.8844,112.2051,83.14,80,85,14.09
145,sambava,mg,-14.2667,50.1667,86.63,62,48,6.64
146,ushuaia,ar,-54.8,-68.3,66.83,58,98,4.29
147,bataipora,br,-22.2953,-53.2711,82.18,59,0,5.3
148,dandong,cn,40.1292,124.3947,34.18,79,27,7.18
149,bluff,nz,-46.6,168.3333,60.26,92,100,12.12
150,warri,ng,5.5167,5.75,94.28,52,84,5.06
151,neiafu,to,-18.65,-173.9833,81.54,83,100,26.78
152,rikitea,pf,-23.1203,-134.9692,78.37,70,29,5.55
153,lorengau,pg,-2.0226,147.2712,86.14,69,1,7.16
154, grand  gaube ,mu,-20.0064,57.6608,81.91,76,6,12.48
155,esperance,au,-33.8667,121.9,71.44,60,17,8.79
156,belokurikha,ru,51.9959,84.9896,36.61,91,78,4.05
157,rikitea,pf,-23.1203,-134.9692,78.37,70,29,5.55
158,ushuaia,ar,-54.8,-68.3,66.83,58,98,4.29
159,bluff,nz,-46.6,168.3333,60.26,92,100,12.12
160,upernavik,gl,72.7868,-56.1549,19.08,76,70,4.14
161,saint-philippe,re,-21.3585,55.7679,81.79,71,40,13.94
162,lebu,cl,-37.6167,-73.65,65.8,74,57,8.88
163,teya,ru,60.3778,92.6267,28.8,91,86,18.16
164,dunedin,nz,-45.8742,170.5036,64.96,70,100,5.99
165,kapaa,us,22.0752,-159.319,74.71,57,53,10.18
166,xingyi,cn,24.1877,102.817,48.65,89,100,1.92
167, norman  wells ,ca,65.282,-126.8329,-26.01,81,21,5.95
168, port  alfred ,za,-33.5906,26.891,75.6,57,81,20.22
169,thompson,ca,55.7435,-97.8558,-8.72,76,95,12.77
170, ribeira  grande ,pt,38.5167,-28.7,62.6,86,98,27.29
171,qaanaaq,gl,77.484,-69.3632,21.79,81,100,4.5
172, port  elizabeth ,za,-33.918,25.5701,75.7,53,68,18.99
173,kiunga,pg,-6.1219,141.2906,92.68,77,84,0.69
174,atuona,pf,-9.8,-139.0333,79.83,76,75,21.41
175,meridian,us,43.6121,-116.3915,39.13,73,75,7.2
176,bredasdorp,za,-34.5322,20.0403,82.47,43,12,8.68
177,mahebourg,mu,-20.4081,57.7,82.98,69,22,11.07
178,houston,ca,54.3998,-126.6701,3.36,85,97,3.42
179, quatre  cocos ,mu,-20.2078,57.7625,82.98,70,28,10.76
180,lebu,cl,-37.6167,-73.65,65.8,74,57,8.88
181,lieksa,fi,63.3167,30.0167,11.21,93,59,7.2
182, san  patricio ,mx,19.2167,-104.7,82.4,58,0,7.65
183,rikitea,pf,-23.1203,-134.9692,78.37,70,29,5.55
184,nanortalik,gl,60.1432,-45.2371,33.31,86,72,13.62
185,hermanus,za,-34.4187,19.2345,75,60,25,4.76
186,lagunas,pe,-5.2269,-75.6753,89.04,73,100,3.02
187,castro,cl,-42.4721,-73.7732,79.45,39,0,3.47
188,upernavik,gl,72.7868,-56.1549,19.08,76,70,4.14
189,ushuaia,ar,-54.8,-68.3,66.83,58,98,4.29
190, half  moon  bay ,us,37.4636,-122.4286,55.47,65,99,2.55
191, port  lincoln ,au,-34.7333,135.8667,75.51,52,87,14.12
192,vaini,to,-21.2,-175.2,80.87,83,100,33.02
193,cayenne,gf,4.9333,-52.3333,84.2,77,82,12.8
194,kununurra,au,-15.7667,128.7333,83.97,82,100,9.82
195,rikitea,pf,-23.1203,-134.9692,78.37,70,29,5.55
196,jamestown,sh,-15.9387,-5.7168,69.19,88,85,12.39
197, punta  arenas ,cl,-53.15,-70.9167,69.4,52,99,13.6
198,lucapa,ao,-8.4192,20.7447,79.23,76,86,7.18
199,sur,om,22.5667,59.5289,74.07,56,0,9.62
200,saskylakh,ru,71.9167,114.0833,-25.2,84,8,2.8
201,chernyshevskiy,ru,63.0128,112.4714,-5.69,92,97,2.73
202,muros,es,42.7762,-9.0603,54.21,82,78,22.64
203, cabo  san  lucas ,mx,22.8909,-109.9124,73.13,44,0,4.34
204,barrow,us,71.2906,-156.7887,-30.12,84,4,9.13
205,cabedelo,br,-6.9811,-34.8339,87.8,65,48,12.15
206,talnakh,ru,69.4865,88.3972,6.93,87,62,2.55
207,ishinomaki,jp,38.4167,141.3,34.95,78,75,27.29
208,yumen,cn,40.2833,97.2,45.59,56,96,9.84
209,barrow,us,71.2906,-156.7887,-30.12,84,4,9.13
210,qaanaaq,gl,77.484,-69.3632,21.79,81,100,4.5
211,saskylakh,ru,71.9167,114.0833,-25.2,84,8,2.8
212,ushuaia,ar,-54.8,-68.3,66.83,58,98,4.29
213, howard  springs ,au,-12.497,131.047,80.58,86,100,7.31
214,kropotkin,ru,45.4375,40.5756,32.54,97,100,13.04
215,narsaq,gl,60.9167,-46.05,39.2,78,100,17.63
216,lebu,cl,-37.6167,-73.65,65.8,74,57,8.88
217,vaini,to,-21.2,-175.2,80.87,83,100,33.02
218,rikitea,pf,-23.1203,-134.9692,78.37,70,29,5.55
219,vuktyl,ru,63.8567,57.3094,-14.17,88,100,10.38
220,thompson,ca,55.7435,-97.8558,-8.72,76,95,12.77
221,avarua,ck,-21.2078,-159.775,82.62,74,27,11.86
222,asfi,ma,32.2994,-9.2372,61.93,72,31,17.47
223, punta  arenas ,cl,-53.15,-70.9167,69.4,52,99,13.6
224,busselton,au,-33.65,115.3333,70.2,61,75,15.19
225,albany,au,-35.0169,117.8917,76.1,48,25,8.46
226, punta  arenas ,cl,-53.15,-70.9167,69.4,52,99,13.6
227,huron,us,41.1501,-82.5499,20.8,65,100,4.09
228, marsh  harbour ,bs,26.5412,-77.0636,76.82,80,0,7.58
229,rikitea,pf,-23.1203,-134.9692,78.37,70,29,5.55
230,jamestown,sh,-15.9387,-5.7168,69.19,88,85,12.39
231,husavik,is,66.0449,-17.3389,30.2,93,100,7.09
232,acapulco,mx,16.8634,-99.8901,86,58,1,5.82
233,victoria,sc,-4.6167,55.45,80.6,79,1,16.98
234,leh,in,34.1667,77.5833,28.09,67,82,2.17
235,kirkwall,gb,58.9848,-2.9587,35.73,81,77,23.2
236,rikitea,pf,-23.1203,-134.9692,78.37,70,29,5.55
237,rikitea,pf,-23.1203,-134.9692,78.37,70,29,5.55
238,qianan,cn,44.9932,124.0581,22.66,94,0,8.99
239,vaini,to,-21.2,-175.2,80.87,83,100,33.02
240,vagur,fo,61.4732,-6.8119,38.44,78,56,26.93
241,qaanaaq,gl,77.484,-69.3632,21.79,81,100,4.5
242, punta  arenas ,cl,-53.15,-70.9167,69.4,52,99,13.6
243, dong  hoi ,vn,17.4833,106.6,68.2,91,100,15.1
244,avarua,ck,-21.2078,-159.775,82.62,74,27,11.86
245, los  llanos  de  aridane ,es,28.6585,-17.9182,61.93,75,14,7.09
246,qaanaaq,gl,77.484,-69.3632,21.79,81,100,4.5
247, puerto  ayora ,ec,-0.7393,-90.3518,80.91,79,87,8.32
248,saskylakh,ru,71.9167,114.0833,-25.2,84,8,2.8
249,zamora,ec,-4.0692,-78.9567,82.96,54,75,3.74
250,mahebourg,mu,-20.4081,57.7,82.98,69,22,11.07
251,caravelas,br,-17.7125,-39.2481,80.15,90,100,7.54
252,antofagasta,cl,-23.65,-70.4,73.54,60,27,10.33
253,busselton,au,-33.65,115.3333,70.2,61,75,15.19
254,tasiilaq,gl,65.6145,-37.6368,21.2,82,95,4.14
255, norman  wells ,ca,65.282,-126.8329,-26.01,81,21,5.95
256,pangai,to,-19.8,-174.35,81.32,83,100,29.42
257,isangel,vu,-19.55,169.2667,83.75,58,2,6.67
258,bluff,nz,-46.6,168.3333,60.26,92,100,12.12
259,jamestown,sh,-15.9387,-5.7168,69.19,88,85,12.39
260,busselton,au,-33.65,115.3333,70.2,61,75,15.19
261,moissala,td,8.3404,17.7663,99,9,20,7.61
262,okato,nz,-39.2,173.8833,68.32,82,100,17.22
263,ancud,cl,-41.8697,-73.8203,78.66,39,0,7.76
264,castro,cl,-42.4721,-73.7732,79.45,39,0,3.47
265,rikitea,pf,-23.1203,-134.9692,78.37,70,29,5.55
266,ballina,au,-28.8667,153.5667,75.7,63,54,17.11
267,ushuaia,ar,-54.8,-68.3,66.83,58,98,4.29
268,rikitea,pf,-23.1203,-134.9692,78.37,70,29,5.55
269, port  elizabeth ,za,-33.918,25.5701,75.7,53,68,18.99
270, cape  town ,za,-33.9258,18.4232,74.55,61,7,13.94
271,pisco,pe,-13.7,-76.2167,78.69,78,40,8.48
272,saint-joseph,re,-21.3667,55.6167,81.48,71,33,8.86
273,merke,kz,42.8728,73.1786,48.81,69,90,2.95
274,hermanus,za,-34.4187,19.2345,75,60,25,4.76
275, nisia  floresta ,br,-6.0911,-35.2086,90.37,48,90,12.19
276, arraial  do  cabo ,br,-22.9661,-42.0278,73.11,93,100,2.66
277,chala,tz,-7.5833,31.2667,69.8,92,98,2.86
278,chuy,uy,-33.6971,-53.4616,68.95,88,99,4.59
279,tuatapere,nz,-46.1333,167.6833,60.84,93,100,10.4
280, port  lincoln ,au,-34.7333,135.8667,75.51,52,87,14.12
281,ushuaia,ar,-54.8,-68.3,66.83,58,98,4.29
282,hobart,au,-42.8794,147.3294,58.53,58,96,7.07
283,libreville,ga,0.3925,9.4537,87.31,63,100,5.75
284, port  elizabeth ,za,-33.918,25.5701,75.7,53,68,18.99
285,ushuaia,ar,-54.8,-68.3,66.83,58,98,4.29
286,hokitika,nz,-42.7167,170.9667,63.48,93,100,13.76
287,ushuaia,ar,-54.8,-68.3,66.83,58,98,4.29
288,ushuaia,ar,-54.8,-68.3,66.83,58,98,4.29
289,verkhnedneprovskiy,ru,54.9813,33.3457,11.12,94,48,3.65
290,victoria,sc,-4.6167,55.45,80.6,79,1,16.98
291,nome,us,64.5011,-165.4064,6.08,83,100,6.13
292,hobart,au,-42.8794,147.3294,58.53,58,96,7.07
293,mandalgovi,mn,45.7625,106.2708,29.68,75,0,6.51
294,luanda,ao,-8.8368,13.2343,82.54,67,81,11.21
295,atuona,pf,-9.8,-139.0333,79.83,76,75,21.41
296,vaini,to,-21.2,-175.2,80.87,83,100,33.02
297,tasiilaq,gl,65.6145,-37.6368,21.2,82,95,4.14
298,tangping,cn,22.0265,111.9323,70.92,58,93,13.44
299,busselton,au,-33.65,115.3333,70.2,61,75,15.19
300, east  london ,za,-33.0153,27.9116,75.25,61,91,18.59
301,manggar,id,-2.8833,108.2667,86.49,68,100,10.38
302,busselton,au,-33.65,115.3333,70.2,61,75,15.19
303,rikitea,pf,-23.1203,-134.9692,78.37,70,29,5.55
304,chapais,ca,49.7834,-74.8492,1.89,66,90,6.49
305,havre-saint-pierre,ca,50.2334,-63.5986,29.53,93,100,5.93
306, punta  arenas ,cl,-53.15,-70.9167,69.4,52,99,13.6
307, north  bend ,us,43.4065,-124.2243,47.89,62,94,7.31
308,rikitea,pf,-23.1203,-134.9692,78.37,70,29,5.55
309,buraydah,sa,26.326,43.975,64.29,55,1,6.31
310, punta  arenas ,cl,-53.15,-70.9167,69.4,52,99,13.6
311,kloulklubed,pw,7.0419,134.2556,83.32,80,100,20.11
312,rikitea,pf,-23.1203,-134.9692,78.37,70,29,5.55
313,arman,ru,59.7,150.1667,11.39,88,87,13.2
314,tuktoyaktuk,ca,69.4541,-133.0374,-22.86,85,77,4.5
315,fortuna,us,40.5982,-124.1573,52.68,64,99,3.78
316,chimbote,pe,-9.0853,-78.5783,77.9,59,98,9.98
317,yellowknife,ca,62.456,-114.3525,-16.78,82,83,17.67
318,victoria,sc,-4.6167,55.45,80.6,79,1,16.98
319, ponta  do  sol ,cv,17.1994,-25.0919,73.4,71,100,16.78
320, san  cristobal ,ec,-0.9045,-89.6174,84.2,85,63,9.86
321,ushuaia,ar,-54.8,-68.3,66.83,58,98,4.29
322,camacha,pt,33.0833,-16.3333,62.6,87,0,17.47
323,albany,au,-35.0169,117.8917,76.1,48,25,8.46
324, punta  arenas ,cl,-53.15,-70.9167,69.4,52,99,13.6
325,lorengau,pg,-2.0226,147.2712,86.14,69,1,7.16
326,hobart,au,-42.8794,147.3294,58.53,58,96,7.07
327,okha,ru,53.5739,142.9478,9.03,93,100,20.83
328,nouadhibou,mr,20.931,-17.0347,71.6,58,0,9.53
329,dunedin,nz,-45.8742,170.5036,64.96,70,100,5.99
330,corralillo,cu,22.9819,-80.5856,82.06,64,2,12.39
331,gladstone,au,-23.85,151.25,81.77,61,20,16.46
332,qaanaaq,gl,77.484,-69.3632,21.79,81,100,4.5
333, norman  wells ,ca,65.282,-126.8329,-26.01,81,21,5.95
334,viedma,ar,-40.8135,-62.9967,71.94,39,67,10.11
335,mayo,ca,63.5927,-135.8998,-24.16,76,50,2.93
336,fortuna,us,40.5982,-124.1573,52.68,64,99,3.78
337, east  london ,za,-33.0153,27.9116,75.25,61,91,18.59
338, east  london ,za,-33.0153,27.9116,75.25,61,91,18.59
339,harper,lr,4.375,-7.7169,83.12,78,69,5.7
340,bluff,nz,-46.6,168.3333,60.26,92,100,12.12
341, mount  isa ,au,-20.7333,139.5,94.1,51,100,9.13
342,avarua,ck,-21.2078,-159.775,82.62,74,27,11.86
343,atuona,pf,-9.8,-139.0333,79.83,76,75,21.41
344,venice,us,27.0998,-82.4543,72.82,73,90,4.65
345,korla,cn,41.7597,86.1469,42.19,57,80,3.87
346,rikitea,pf,-23.1203,-134.9692,78.37,70,29,5.55
347, cabo  san  lucas ,mx,22.8909,-109.9124,73.13,44,0,4.34
348,busselton,au,-33.65,115.3333,70.2,61,75,15.19
349,ilulissat,gl,69.2167,-51.1,24.8,80,0,20.58
350,srandakan,id,-7.9386,110.2506,85.3,67,72,7.18
351,hasaki,jp,35.7333,140.8333,44.38,57,2,27.31
352,kapaa,us,22.0752,-159.319,74.71,57,53,10.18
353,harper,lr,4.375,-7.7169,83.12,78,69,5.7
354,saint-augustin,ca,51.226,-58.6502,35.92,97,100,9.55
355,hilo,us,19.7297,-155.09,75.04,62,1,5.84
356, sao  filipe ,cv,14.8961,-24.4956,71.64,69,71,10.96
357,cherskiy,ru,68.75,161.3,9.57,79,64,4.9
358,saint-philippe,re,-21.3585,55.7679,81.79,71,40,13.94
359,bagan,ru,54.1001,77.6646,5.43,90,100,17.81
360, libertador  general  san  martin ,ar,-23.8064,-64.7876,92.84,29,16,7.49
361,negara,id,-8.3151,114.6025,85.3,67,98,0.87
362,sabancuy,mx,18.9667,-91.1833,86.79,62,6,3.71
363, punta  arenas ,cl,-53.15,-70.9167,69.4,52,99,13.6
364, punta  arenas ,cl,-53.15,-70.9167,69.4,52,99,13.6
365,lagoa,pt,39.05,-27.9833,60.17,89,100,30.67
366, ewa  beach ,us,21.3156,-158.0072,76.23,50,1,7.9
367,jamestown,sh,-15.9387,-5.7168,69.19,88,85,12.39
368,qaanaaq,gl,77.484,-69.3632,21.79,81,100,4.5
369, cape  town ,za,-33.9258,18.4232,74.55,61,7,13.94
370, east  london ,za,-33.0153,27.9116,75.25,61,91,18.59
371,muisne,ec,0.6,-80.0333,79.95,100,90,1.7
372,hilo,us,19.7297,-155.09,75.04,62,1,5.84
373,roald,no,62.5833,6.1333,29.39,81,0,10.87
374,chuy,uy,-33.6971,-53.4616,68.95,88,99,4.59
375,jiaohe,cn,43.7286,127.3447,22.03,90,67,4.92
376, san  patricio ,mx,19.2167,-104.7,82.4,58,0,7.65
377,pimentel,pe,-6.8367,-79.9342,77.41,51,0,12.39
378,esperance,au,-33.8667,121.9,71.44,60,17,8.79
379, san  patricio ,mx,19.2167,-104.7,82.4,58,0,7.65
380, bambous  virieux ,mu,-20.3428,57.7575,82.67,70,28,10.8
381,srednekolymsk,ru,67.45,153.6833,5.49,89,97,7.83
382,vaini,to,-21.2,-175.2,80.87,83,100,33.02
383,namibe,ao,-15.1961,12.1522,78.12,67,90,10.38
384,carnarvon,au,-24.8667,113.6333,78.69,61,0,18.3
385, port  alfred ,za,-33.5906,26.891,75.6,57,81,20.22
386,hachinohe,jp,40.5,141.5,30.83,83,57,20.02
387,albany,au,-35.0169,117.8917,76.1,48,25,8.46
388,taltal,cl,-25.4,-70.4833,70.81,62,4,8.19
389,corinto,ni,12.482,-87.1734,92.44,39,19,3.44
390, cabo  san  lucas ,mx,22.8909,-109.9124,73.13,44,0,4.34
391,tasiilaq,gl,65.6145,-37.6368,21.2,82,95,4.14
392, quatre  cocos ,mu,-20.2078,57.7625,82.98,70,28,10.76
393,chokurdakh,ru,70.6333,147.9167,-9.62,85,0,9.93
394,kodiak,us,57.79,-152.4072,32,89,0,9.19
395,carnarvon,au,-24.8667,113.6333,78.69,61,0,18.3
396,chicama,pe,-7.8447,-79.1469,81.23,78,35,9.84
397,hilo,us,19.7297,-155.09,75.04,62,1,5.84
398, punta  arenas ,cl,-53.15,-70.9167,69.4,52,99,13.6
399,leningradskiy,ru,69.3833,178.4167,-19.82,84,82,11.01
400,albany,au,-35.0169,117.8917,76.1,48,25,8.46
401,yellowknife,ca,62.456,-114.3525,-16.78,82,83,17.67
402,pershotravneve,ua,51.3929,28.8684,17.87,94,100,15.95
403,iranshahr,ir,27.2025,60.6848,76.77,25,96,3.96
404,albany,au,-35.0169,117.8917,76.1,48,25,8.46
405, mar  del  plata ,ar,-38.0023,-57.5575,68,61,28,18.63
406,kapaa,us,22.0752,-159.319,74.71,57,53,10.18
407,talnakh,ru,69.4865,88.3972,6.93,87,62,2.55
408,alyangula,au,-13.8483,136.4192,87.13,71,100,11.52
409,grindavik,is,63.8424,-22.4338,38.55,77,23,23.24
410,jamestown,sh,-15.9387,-5.7168,69.19,88,85,12.39
411,anshun,cn,26.25,105.9333,50.13,86,100,7.58
412,ushuaia,ar,-54.8,-68.3,66.83,58,98,4.29
413,husavik,is,66.0449,-17.3389,30.2,93,100,7.09
414,havre-saint-pierre,ca,50.2334,-63.5986,29.53,93,100,5.93
415, san  patricio ,mx,19.2167,-104.7,82.4,58,0,7.65
416,severo-yeniseyskiy,ru,60.3725,93.0408,25.27,93,85,18.61
417,rikitea,pf,-23.1203,-134.9692,78.37,70,29,5.55
418,qaanaaq,gl,77.484,-69.3632,21.79,81,100,4.5
419,vaini,to,-21.2,-175.2,80.87,83,100,33.02
420, east  london ,za,-33.0153,27.9116,75.25,61,91,18.59
421,kasongo-lunda,cd,-6.4667,16.8167,90.41,46,11,3.6
422,cayenne,gf,4.9333,-52.3333,84.2,77,82,12.8
423, san  juan ,us,26.1892,-98.1553,78.03,67,86,12.88
424,atuona,pf,-9.8,-139.0333,79.83,76,75,21.41
425,georgetown,sh,-7.9333,-14.4167,82.4,80,69,16.8
426, ribeira  grande ,pt,38.5167,-28.7,62.6,86,98,27.29
427, mar  del  plata ,ar,-38.0023,-57.5575,68,61,28,18.63
428,faanui,pf,-16.4833,-151.75,81.93,77,13,12.97
429,noumea,nc,-22.2763,166.4572,81.57,68,0,6.22
430, henties  bay ,na,-22.116,14.2845,69.49,71,36,12.44
431,mahebourg,mu,-20.4081,57.7,82.98,69,22,11.07
432,kutum,sd,14.2,24.6667,79.38,17,0,14.99
433,ushuaia,ar,-54.8,-68.3,66.83,58,98,4.29
434,ushuaia,ar,-54.8,-68.3,66.83,58,98,4.29
435,oyama,jp,36.3,139.8,42.26,51,11,15.48
436, east  london ,za,-33.0153,27.9116,75.25,61,91,18.59
437,ancud,cl,-41.8697,-73.8203,78.66,39,0,7.76
438,coquimbo,cl,-29.9533,-71.3436,68,64,4,8.66
439, port  alfred ,za,-33.5906,26.891,75.6,57,81,20.22
440,katsuura,jp,35.1333,140.3,43.93,55,7,14.34
441, punta  arenas ,cl,-53.15,-70.9167,69.4,52,99,13.6
442, new  norfolk ,au,-42.7826,147.0587,61.23,50,100,4
443,mozarlandia,br,-14.7447,-50.5706,79.84,89,100,7
444, broken  hill ,au,-31.95,141.4333,88.56,20,0,8.57
445,kodiak,us,57.79,-152.4072,32,89,0,9.19
446, walvis  bay ,na,-22.9575,14.5053,68.97,70,23,11.72
447, punta  arenas ,cl,-53.15,-70.9167,69.4,52,99,13.6
448,lavrentiya,ru,65.5833,-171,-3.03,82,96,10.2
449,iqaluit,ca,63.7506,-68.5145,29.5,95,100,6.42
450,butaritari,ki,3.0707,172.7902,82.09,83,68,20.54
451,graham,us,47.0529,-122.2943,40.06,73,94,5.75
452,thompson,ca,55.7435,-97.8558,-8.72,76,95,12.77
453,kapaa,us,22.0752,-159.319,74.71,57,53,10.18
454,khatanga,ru,71.9667,102.5,-16.58,83,26,9.37
455,jamestown,sh,-15.9387,-5.7168,69.19,88,85,12.39
456,busselton,au,-33.65,115.3333,70.2,61,75,15.19
457,bluff,nz,-46.6,168.3333,60.26,92,100,12.12
458,yueyang,cn,29.3333,113.0919,56.8,73,100,0.63
459,cidreira,br,-30.1811,-50.2056,76.33,61,0,8.52
460,georgetown,sh,-7.9333,-14.4167,82.4,80,69,16.8
461,ushuaia,ar,-54.8,-68.3,66.83,58,98,4.29
462,kodiak,us,57.79,-152.4072,32,89,0,9.19
463,rocha,uy,-34.4833,-54.3333,72.59,86,100,3.11
464,pemba,mz,-12.974,40.5178,86.95,67,99,7.81
465,bredasdorp,za,-34.5322,20.0403,82.47,43,12,8.68
466, port  elizabeth ,za,-33.918,25.5701,75.7,53,68,18.99
467,hermanus,za,-34.4187,19.2345,75,60,25,4.76
468,ushuaia,ar,-54.8,-68.3,66.83,58,98,4.29
469,ushuaia,ar,-54.8,-68.3,66.83,58,98,4.29
470,butaritari,ki,3.0707,172.7902,82.09,83,68,20.54
471, elizabeth  city ,us,36.2946,-76.2511,44.83,52,1,7.2
472,rikitea,pf,-23.1203,-134.9692,78.37,70,29,5.55
473,vanino,ru,49.0869,140.2543,14.88,83,100,11.77
474,ushuaia,ar,-54.8,-68.3,66.83,58,98,4.29
475,yellowknife,ca,62.456,-114.3525,-16.78,82,83,17.67
476,jamestown,sh,-15.9387,-5.7168,69.19,88,85,12.39
477,iracoubo,gf,5.4802,-53.2011,81.21,74,74,14.07
478,eyl,so,7.9803,49.8164,83.32,59,95,19.73
479,jamestown,sh,-15.9387,-5.7168,69.19,88,85,12.39
480,kita,ml,13.0349,-9.4895,101.8,10,1,4.88
481,hermanus,za,-34.4187,19.2345,75,60,25,4.76
482, port  alfred ,za,-33.5906,26.891,75.6,57,81,20.22
483,vestmanna,fo,62.1564,-7.1664,35.6,81,76,20.83
484,georgetown,sh,-7.9333,-14.4167,82.4,80,69,16.8
485,kieta,pg,-6.2167,155.6333,85.69,73,77,10.18
486, norman  wells ,ca,65.282,-126.8329,-26.01,81,21,5.95
487,chuy,uy,-33.6971,-53.4616,68.95,88,99,4.59
488, great  falls ,us,47.5002,-111.3008,-2.85,86,98,2.91
489,bengkulu,id,-3.8004,102.2655,86.79,57,79,9.17
490,rikitea,pf,-23.1203,-134.9692,78.37,70,29,5.55
491,oranjemund,na,-28.55,16.4333,71.62,59,0,18.59
492, cape  town ,za,-33.9258,18.4232,74.55,61,7,13.94
493,kapaa,us,22.0752,-159.319,74.71,57,53,10.18
494,pedernales,do,18.0384,-71.744,86.4,49,4,1.23
495,vaini,to,-21.2,-175.2,80.87,83,100,33.02
496,namatanai,pg,-3.6667,152.4333,85.86,71,23,8.25
497,busselton,au,-33.65,115.3333,70.2,61,75,15.19
498,yellowknife,ca,62.456,-114.3525,-16.78,82,83,17.67
499, puerto  ayora ,ec,-0.7393,-90.3518,80.91,79,87,8.32
500,ushuaia,ar,-54.8,-68.3,66.83,58,98,4.29
501,klaksvik,fo,62.2266,-6.589,39.02,74,92,22.84
502,bluff,nz,-46.6,168.3333,60.26,92,100,12.12
503,okhotsk,ru,59.3833,143.3,17.31,90,100,12.75
504,busselton,au,-33.65,115.3333,70.2,61,75,15.19
505,hualmay,pe,-11.0964,-77.6139,77.23,64,97,10.09
506,busselton,au,-33.65,115.3333,70.2,61,75,15.19
507,rongcheng,cn,30.634,117.8517,57.25,60,14,2.55
508,rikitea,pf,-23.1203,-134.9692,78.37,70,29,5.55
509,albany,au,-35.0169,117.8917,76.1,48,25,8.46
510,khatanga,ru,71.9667,102.5,-16.58,83,26,9.37
511,rikitea,pf,-23.1203,-134.9692,78.37,70,29,5.55
512,bandarbeyla,so,9.4942,50.8122,79.36,65,59,21.12
513,rikitea,pf,-23.1203,-134.9692,78.37,70,29,5.55
514,busselton,au,-33.65,115.3333,70.2,61,75,15.19
515,ushuaia,ar,-54.8,-68.3,66.83,58,98,4.29
516,kapaa,us,22.0752,-159.319,74.71,57,53,10.18
517,talara,pe,-4.5772,-81.2719,89.6,48,0,18.37
518,yellowknife,ca,62.456,-114.3525,-16.78,82,83,17.67
519,barrow,us,71.2906,-156.7887,-30.12,84,4,9.13
520, ponta  do  sol ,cv,17.1994,-25.0919,73.4,71,100,16.78
521, arraial  do  cabo ,br,-22.9661,-42.0278,73.11,93,100,2.66
522,kapaa,us,22.0752,-159.319,74.71,57,53,10.18
523,bemidji,us,47.4736,-94.8803,-9.49,74,1,10.74
524, cape  town ,za,-33.9258,18.4232,74.55,61,7,13.94
525,calderitas,mx,18.55,-88.25,84.2,70,12,11.41
526,hofn,is,64.2539,-15.2082,37.42,81,100,12.5
527,bredasdorp,za,-34.5322,20.0403,82.47,43,12,8.68
528,rikitea,pf,-23.1203,-134.9692,78.37,70,29,5.55
529,kloulklubed,pw,7.0419,134.2556,83.32,80,100,20.11
530,flinders,au,-34.5833,150.8552,69.55,70,87,8.95
531,hermanus,za,-34.4187,19.2345,75,60,25,4.76
532,ushuaia,ar,-54.8,-68.3,66.83,58,98,4.29
533,tiksi,ru,71.6872,128.8694,-18.51,86,75,4.25
534,havre-saint-pierre,ca,50.2334,-63.5986,29.53,93,100,5.93
535,bathsheba,bb,13.2167,-59.5167,84.2,64,13,15.52
536,qaanaaq,gl,77.484,-69.3632,21.79,81,100,4.5
537,hilo,us,19.7297,-155.09,75.04,62,1,5.84
538,narsaq,gl,60.9167,-46.05,39.2,78,100,17.63
539,qaanaaq,gl,77.484,-69.3632,21.79,81,100,4.5
540,brae,gb,60.3964,-1.353,33.35,83,98,9.51
541,thompson,ca,55.7435,-97.8558,-8.72,76,95,12.77
542,synya,ru,65.3718,58.0387,-14.12,88,100,8.28
543,yellowknife,ca,62.456,-114.3525,-16.78,82,83,17.67
544,hamilton,bm,32.2915,-64.778,70.11,73,100,14.79
545, port  alfred ,za,-33.5906,26.891,75.6,57,81,20.22
546,vao,nc,-22.6667,167.4833,78.64,79,0,6.2
547,kankaanpaa,fi,61.8,22.4167,18.91,95,38,4.63
548,aklavik,ca,68.2191,-135.0107,-18.9,83,100,6.58
549, campbell  river ,ca,50.0163,-125.2446,37.08,70,1,4.05
550,castro,cl,-42.4721,-73.7732,79.45,39,0,3.47
551, quatre  cocos ,mu,-20.2078,57.7625,82.98,70,28,10.76
552,palmerston,au,-12.486,130.9833,80.76,86,100,7.7
553,rikitea,pf,-23.1203,-134.9692,78.37,70,29,5.55
554,chiplun,in,17.5333,73.5167,99.68,15,58,6.24
555,egvekinot,ru,66.3167,-179.1667,-8.23,77,24,10.8
556, puerto  ayora ,ec,-0.7393,-90.3518,80.91,79,87,8.32
557,lebu,cl,-37.6167,-73.65,65.8,74,57,8.88
558, port  augusta ,au,-32.5,137.7667,93.29,16,0,3.76
559,qaanaaq,gl,77.484,-69.3632,21.79,81,100,4.5
560,vaini,to,-21.2,-175.2,80.87,83,100,33.02
561,mao,td,14.1212,15.3103,93.54,10,9,16.4
562, guerrero  negro ,mx,27.9769,-114.0611,70.11,47,0,5.12
563, povoa  de  varzim ,pt,41.3834,-8.7636,54.84,78,92,24.2
564,longyearbyen,sj,78.2186,15.6401,8.6,77,70,7.14
565, san  angelo ,us,31.4638,-100.437,77.13,40,11,17.67
566,nantucket,us,41.2835,-70.0995,35.62,87,0,23.2
567,kahului,us,20.8947,-156.47,76.51,57,1,8.88
568, puerto  ayora ,ec,-0.7393,-90.3518,80.91,79,87,8.32
569,ilulissat,gl,69.2167,-51.1,24.8,80,0,20.58
570,jiayuguan,cn,39.8167,98.3,42.84,50,94,7.05
571, port  hardy ,ca,50.6996,-127.4199,36.09,79,1,4.68
572,albany,au,-35.0169,117.8917,76.1,48,25,8.46
573, cabo  san  lucas ,mx,22.8909,-109.9124,73.13,44,0,4.34
574, ciudad  bolivar ,ve,8.1222,-63.5497,90.84,52,92,10.54
575, henties  bay ,na,-22.116,14.2845,69.49,71,36,12.44
576,kaitangata,nz,-46.2817,169.8464,62.01,92,100,3.06
577,nikolskoye,ru,59.7035,30.7861,12.74,94,50,2.26
578, port  alfred ,za,-33.5906,26.891,75.6,57,81,20.22
579,hovd,mn,48.0056,91.6419,33.93,71,33,0.65
580,anchorage,us,61.2181,-149.9003,4.06,89,2,4.18
581,tiksi,ru,71.6872,128.8694,-18.51,86,75,4.25
582,riohacha,co,11.5444,-72.9072,87.62,51,8,17.92
583,vaini,to,-21.2,-175.2,80.87,83,100,33.02
584,nanortalik,gl,60.1432,-45.2371,33.31,86,72,13.62
585,andenes,no,69.3143,16.1194,34.72,85,100,17.22
586, cabo  san  lucas ,mx,22.8909,-109.9124,73.13,44,0,4.34
587,yellowknife,ca,62.456,-114.3525,-16.78,82,83,17.67
588,bredasdorp,za,-34.5322,20.0403,82.47,43,12,8.68
589,iracoubo,gf,5.4802,-53.2011,81.21,74,74,14.07
590, new  norfolk ,au,-42.7826,147.0587,61.23,50,100,4
591,rikitea,pf,-23.1203,-134.9692,78.37,70,29,5.55
592, punta  arenas ,cl,-53.15,-70.9167,69.4,52,99,13.6
593,bluff,nz,-46.6,168.3333,60.26,92,100,12.12
594,sciacca,it,37.5082,13.0881,57.94,72,16,17.45
595, puerto  ayora ,ec,-0.7393,-90.3518,80.91,79,87,8.32
596,eureka,us,40.8021,-124.1637,50.56,67,100,3.4
597,mogadishu,so,2.0371,45.3438,83.5,64,1,24.09
598,yulara,au,-25.2406,130.9889,99.64,16,22,20.13
599, arroyos  y  esteros ,py,-25.0667,-57.1,91.4,49,53,3.91
600,bluff,nz,-46.6,168.3333,60.26,92,100,12.12
601,rikitea,pf,-23.1203,-134.9692,78.37,70,29,5.55
602,georgetown,sh,-7.9333,-14.4167,82.4,80,69,16.8
603,mtama,tz,-10.3,39.3667,83.28,82,95,5.39
604,castro,cl,-42.4721,-73.7732,79.45,39,0,3.47
605,lorengau,pg,-2.0226,147.2712,86.14,69,1,7.16
606,beauchamps,fr,50.012,1.5176,32.27,90,78,9.35
607,longyearbyen,sj,78.2186,15.6401,8.6,77,70,7.14
608,castro,cl,-42.4721,-73.7732,79.45,39,0,3.47
609,cherskiy,ru,68.75,161.3,9.57,79,64,4.9
610,tinaquillo,ve,9.9186,-68.3047,89.6,40,13,4.16
611,egvekinot,ru,66.3167,-179.1667,-8.23,77,24,10.8
612, navalmoral  de  la  mata ,es,39.8916,-5.5406,54.09,77,67,16.73
613,atuona,pf,-9.8,-139.0333,79.83,76,75,21.41
614, makakilo  city ,us,21.3469,-158.0858,74.57,53,2,7.25
615,salinas,ec,-2.2167,-80.9667,84.2,70,0,9.91
616,hobart,au,-42.8794,147.3294,58.53,58,96,7.07
617,palana,ru,59.1167,159.9667,23.99,92,99,7.67
618, rodrigues  alves ,br,-7.738,-72.6509,90.39,74,75,3.78
619,barrow,us,71.2906,-156.7887,-30.12,84,4,9.13
620,monterey,us,36.2505,-121.2516,60.87,59,94,4.03
621,hilo,us,19.7297,-155.09,75.04,62,1,5.84
622,gazanjyk,tm,39.2446,55.5154,56.93,62,2,2.37
623,buala,sb,-8.145,159.5921,86.04,72,83,11.79
624,meulaboh,id,4.1363,96.1285,85.89,63,81,3.8
625,kavaratti,in,10.5669,72.642,83.01,60,82,4.61
626,rexburg,us,43.826,-111.7897,18.52,91,9,3.06
627,saint-philippe,re,-21.3585,55.7679,81.79,71,40,13.94
628, san  antonio ,us,29.4241,-98.4936,67.95,79,46,6.87
629,ancud,cl,-41.8697,-73.8203,78.66,39,0,7.76
630, punta  arenas ,cl,-53.15,-70.9167,69.4,52,99,13.6
631,isoka,zm,-10.1606,32.6335,75.52,89,94,5.08
632, norman  wells ,ca,65.282,-126.8329,-26.01,81,21,5.95
633,brigantine,us,39.4101,-74.3646,30.72,50,1,2.93
634,hermanus,za,-34.4187,19.2345,75,60,25,4.76
635,waipawa,nz,-41.4122,175.5153,72.37,56,99,11.52
636,matara,lk,5.9485,80.5353,85.89,64,6,4.25
637,ushuaia,ar,-54.8,-68.3,66.83,58,98,4.29
638, ponta  do  sol ,cv,17.1994,-25.0919,73.4,71,100,16.78
639,tasiilaq,gl,65.6145,-37.6368,21.2,82,95,4.14
640,tuktoyaktuk,ca,69.4541,-133.0374,-22.86,85,77,4.5
641,albany,au,-35.0169,117.8917,76.1,48,25,8.46
642,hualmay,pe,-11.0964,-77.6139,77.23,64,97,10.09
643,luderitz,na,-26.6481,15.1594,80.15,39,0,24.36
644,saint-philippe,re,-21.3585,55.7679,81.79,71,40,13.94
645,fortuna,us,40.5982,-124.1573,52.68,64,99,3.78
646,jiuquan,cn,39.7432,98.5174,44.67,49,92,7.02
647,naze,jp,28.3667,129.4833,56.62,63,40,14.36
648,khatanga,ru,71.9667,102.5,-16.58,83,26,9.37
649,butaritari,ki,3.0707,172.7902,82.09,83,68,20.54
650,busselton,au,-33.65,115.3333,70.2,61,75,15.19
651,lokoja,ng,7.8024,6.743,108.36,15,71,2.08
652,atuona,pf,-9.8,-139.0333,79.83,76,75,21.41
653, san  jose  del  boqueron ,hn,15.4833,-87.8667,87.48,63,34,2.21
654,otane,nz,-39.8833,176.6333,84.16,30,100,5.01
655, new  norfolk ,au,-42.7826,147.0587,61.23,50,100,4
656, corn  island ,ni,12.1694,-83.0418,80.26,76,20,14.88
657,ushuaia,ar,-54.8,-68.3,66.83,58,98,4.29
658,aripuana,br,-9.1667,-60.6333,91.72,56,80,2.64
659,butaritari,ki,3.0707,172.7902,82.09,83,68,20.54
660,kavieng,pg,-2.5744,150.7967,84.9,75,13,8.59
661,lokachi,ua,50.737,24.6494,21.72,96,100,23.42
662,bilibino,ru,68.0546,166.4372,5.32,82,100,8.28
663,tyrma,ru,50.0833,132.1667,3.87,84,81,4.12
664,husavik,is,66.0449,-17.3389,30.2,93,100,7.09
665,vaini,to,-21.2,-175.2,80.87,83,100,33.02
666,sistranda,no,63.7256,8.834,28.35,93,74,10.47
667,longyearbyen,sj,78.2186,15.6401,8.6,77,70,7.14
668,isangel,vu,-19.55,169.2667,83.75,58,2,6.67
669,hamilton,bm,32.2915,-64.778,70.11,73,100,14.79
670,eyl,so,7.9803,49.8164,83.32,59,95,19.73
671,coihaique,cl,-45.5752,-72.0662,81.27,31,0,5.35
672, new  norfolk ,au,-42.7826,147.0587,61.23,50,100,4
673,inuvik,ca,68.3499,-133.7218,-18.62,84,100,4.14
674,weinan,cn,34.5036,109.5089,58.82,43,0,1.92
675, east  london ,za,-33.0153,27.9116,75.25,61,91,18.59
676,kudahuvadhoo,mv,2.6708,72.8944,82.63,74,28,16.13
677,busselton,au,-33.65,115.3333,70.2,61,75,15.19
678,rocha,uy,-34.4833,-54.3333,72.59,86,100,3.11
679,bathsheba,bb,13.2167,-59.5167,84.2,64,13,15.52
680,velsk,ru,61.0701,42.0983,6.21,90,100,9.26
681, punta  arenas ,cl,-53.15,-70.9167,69.4,52,99,13.6
682,pahrump,us,36.2083,-115.9839,64.58,29,79,8.84
683,standerton,za,-26.9337,29.2415,85.24,34,0,4.56
684,kieta,pg,-6.2167,155.6333,85.69,73,77,10.18
685,kloulklubed,pw,7.0419,134.2556,83.32,80,100,20.11
686,victoria,sc,-4.6167,55.45,80.6,79,1,16.98
687,tateyama,jp,34.9833,139.8667,43.05,60,2,11.23
688,okhotsk,ru,59.3833,143.3,17.31,90,100,12.75
689,batagay-alyta,ru,67.8006,130.4114,-19.32,77,0,1.12
690,hofn,is,64.2539,-15.2082,37.42,81,100,12.5
691,busselton,au,-33.65,115.3333,70.2,61,75,15.19
692,tasiilaq,gl,65.6145,-37.6368,21.2,82,95,4.14
693,ushuaia,ar,-54.8,-68.3,66.83,58,98,4.29
694,nanortalik,gl,60.1432,-45.2371,33.31,86,72,13.62
695,barrow,us,71.2906,-156.7887,-30.12,84,4,9.13
696, punta  arenas ,cl,-53.15,-70.9167,69.4,52,99,13.6
697,alikalia,sl,9.1667,-11.4,100.49,24,24,4.97
698,hobart,au,-42.8794,147.3294,58.53,58,96,7.07
699,thompson,ca,55.7435,-97.8558,-8.72,76,95,12.77
700,hilo,us,19.7297,-155.09,75.04,62,1,5.84
701,coquimbo,cl,-29.9533,-71.3436,68,64,4,8.66
702,esperance,au,-33.8667,121.9,71.44,60,17,8.79
703, san  cristobal ,ec,-0.9045,-89.6174,84.2,85,63,9.86
704,busselton,au,-33.65,115.3333,70.2,61,75,15.19
705,hobart,au,-42.8794,147.3294,58.53,58,96,7.07
706,busselton,au,-33.65,115.3333,70.2,61,75,15.19
707,butaritari,ki,3.0707,172.7902,82.09,83,68,20.54
708,saskylakh,ru,71.9167,114.0833,-25.2,84,8,2.8
709,salalah,om,17.0151,54.0924,77.38,51,1,12.35
710,yellowknife,ca,62.456,-114.3525,-16.78,82,83,17.67
711,khatanga,ru,71.9667,102.5,-16.58,83,26,9.37
712,axim,gh,4.8699,-2.2405,84.99,72,36,9.75
713,busselton,au,-33.65,115.3333,70.2,61,75,15.19
714,tocopilla,cl,-22.092,-70.1979,74.61,59,23,6.6
715,jamestown,sh,-15.9387,-5.7168,69.19,88,85,12.39
716,vaini,to,-21.2,-175.2,80.87,83,100,33.02
717,bredasdorp,za,-34.5322,20.0403,82.47,43,12,8.68
718,atuona,pf,-9.8,-139.0333,79.83,76,75,21.41
719,nikolskoye,ru,59.7035,30.7861,12.74,94,50,2.26
720,ushuaia,ar,-54.8,-68.3,66.83,58,98,4.29
721,margate,za,-30.8636,30.3705,75.69,84,100,11.77
722,mopti,ml,14.6667,-4,96.46,12,66,11.59
723, punta  arenas ,cl,-53.15,-70.9167,69.4,52,99,13.6
724,bluff,nz,-46.6,168.3333,60.26,92,100,12.12
725,lebu,cl,-37.6167,-73.65,65.8,74,57,8.88
726,svetlyy,ru,54.675,20.1347,17.01,89,100,20.45
727,ancud,cl,-41.8697,-73.8203,78.66,39,0,7.76
728,palu,id,-0.8917,119.8707,90.77,50,99,4.79
729, state  college ,us,40.7934,-77.86,25.39,53,73,2.53
730,nome,us,64.5011,-165.4064,6.06,83,100,6.13
731,barcelona,ve,10.1333,-64.7,83.55,61,27,6.51
732,hobart,au,-42.8794,147.3294,58.53,58,96,7.07
733,provideniya,ru,64.3833,-173.3,1.02,80,76,13.58
734, port  alfred ,za,-33.5906,26.891,75.6,57,81,20.22
735,kapaa,us,22.0752,-159.319,74.71,57,53,10.18
736, port  hardy ,ca,50.6996,-127.4199,36.09,79,1,4.68
737,jamestown,sh,-15.9387,-5.7168,69.19,88,85,12.39
738, cabo  san  lucas ,mx,22.8909,-109.9124,73.13,44,0,4.34
739,khatanga,ru,71.9667,102.5,-16.58,83,26,9.37
740,veraval,in,20.9,70.3667,82.65,23,0,3.49
741,carnarvon,au,-24.8667,113.6333,78.69,61,0,18.3
742,upernavik,gl,72.7868,-56.1549,19.08,76,70,4.14
743,ushuaia,ar,-54.8,-68.3,66.83,58,98,4.29
744,ushuaia,ar,-54.8,-68.3,66.83,58,98,4.29
745,nome,us,64.5011,-165.4064,6.06,83,100,6.13
746,felanitx,es,39.4696,3.1483,59.14,78,45,24.87
747,jamestown,sh,-15.9387,-5.7168,69.19,88,85,12.39
748, punta  arenas ,cl,-53.15,-70.9167,69.4,52,99,13.6
749,moratuwa,lk,6.773,79.8816,87.39,65,5,14.29
750,rikitea,pf,-23.1203,-134.9692,78.37,70,29,5.55
751,namibe,ao,-15.1961,12.1522,78.12,67,90,10.38
752,iqaluit,ca,63.7506,-68.5145,29.5,95,100,6.42
753,vallenar,cl,-28.5708,-70.7581,87.53,18,0,8.68
754,amapa,br,1,-52,80.47,87,100,4.09
755,kloulklubed,pw,7.0419,134.2556,83.32,80,100,20.11
756,ngunguru,nz,-35.6167,174.5,72.32,72,99,13.8
757,tura,ru,64.2833,100.25,2.79,92,100,9.53
758,chokurdakh,ru,70.6333,147.9167,-9.62,85,0,9.93
759, vila  franca  do  campo ,pt,37.7167,-25.4333,61.43,75,100,17.69
760,yellowknife,ca,62.456,-114.3525,-16.78,82,83,17.67
761, east  london ,za,-33.0153,27.9116,75.25,61,91,18.59
762,bluff,nz,-46.6,168.3333,60.26,92,100,12.12
763,narodychi,ua,51.2029,29.0823,18.37,95,100,17.81
764, punta  arenas ,cl,-53.15,-70.9167,69.4,52,99,13.6
765, punta  arenas ,cl,-53.15,-70.9167,69.4,52,99,13.6
766,hirara,jp,24.8,125.2833,66.06,73,65,20.54
767,bardiyah,ly,31.7561,25.0865,75.27,31,100,26.13
768, port  alfred ,za,-33.5906,26.891,75.6,57,81,20.22
769,atuona,pf,-9.8,-139.0333,79.83,76,75,21.41
770,vaini,to,-21.2,-175.2,80.87,83,100,33.02
771,bredasdorp,za,-34.5322,20.0403,82.47,43,12,8.68
772,westport,ie,53.8,-9.5167,37.63,77,84,19.48
773,atuona,pf,-9.8,-139.0333,79.83,76,75,21.41
774,hilo,us,19.7297,-155.09,75.04,62,1,5.84
775,kostomuksha,ru,64.571,30.5767,13.32,94,15,9.62
776,bima,id,-8.4667,118.7167,87.37,68,100,3.44
777,avarua,ck,-21.2078,-159.775,82.62,74,27,11.86
778,isangel,vu,-19.55,169.2667,83.75,58,2,6.67
779, port  elizabeth ,za,-33.918,25.5701,75.7,53,68,18.99
780, puerto  madero ,mx,14.7208,-92.4215,87.8,56,2,7.16
781,jamestown,sh,-15.9387,-5.7168,69.19,88,85,12.39
782,qaanaaq,gl,77.484,-69.3632,21.79,81,100,4.5
783, buenos  aires ,cr,9.1719,-83.3342,89.83,33,13,1.92
784,guamuchil,mx,25.4667,-108.1,86.31,31,0,3.85
785,tuktoyaktuk,ca,69.4541,-133.0374,-22.86,85,77,4.5
786,thompson,ca,55.7435,-97.8558,-8.72,76,95,12.77
787,kieta,pg,-6.2167,155.6333,85.69,73,77,10.18
788,severo-kurilsk,ru,50.6789,156.125,25.36,84,34,1.92
789, miracema  do  tocantins ,br,-9.5618,-48.3967,84.78,86,100,3.94
790,yellowknife,ca,62.456,-114.3525,-16.78,82,83,17.67
791, richards  bay ,za,-28.783,32.0377,84.2,71,25,12.37
792,kaitangata,nz,-46.2817,169.8464,62.01,92,100,3.06
793,saint-augustin,ca,51.226,-58.6502,35.92,97,100,9.55
794,luderitz,na,-26.6481,15.1594,80.15,39,0,24.36
795,hermanus,za,-34.4187,19.2345,75,60,25,4.76
796,tiksi,ru,71.6872,128.8694,-18.51,86,75,4.25
797,georgetown,sh,-7.9333,-14.4167,82.4,80,69,16.8
798,hermanus,za,-34.4187,19.2345,75,60,25,4.76
799,bondeno,it,44.8862,11.4108,53.67,63,1,12.53
800,barrow,us,71.2906,-156.7887,-30.12,84,4,9.13
801, punta  arenas ,cl,-53.15,-70.9167,69.4,52,99,13.6
802, punta  arenas ,cl,-53.15,-70.9167,69.4,52,99,13.6
803,sola,vu,-13.8833,167.55,82.78,64,71,4.14
804, ponta  do  sol ,pt,32.6667,-17.1,66.29,70,34,11.92
805,faanui,pf,-16.4833,-151.75,81.93,77,13,12.97
806,atuona,pf,-9.8,-139.0333,79.83,76,75,21.41
807,albany,au,-35.0169,117.8917,76.1,48,25,8.46
808,albany,au,-35.0169,117.8917,76.1,48,25,8.46
809,cidreira,br,-30.1811,-50.2056,76.33,61,0,8.52
810, new  norfolk ,au,-42.7826,147.0587,61.23,50,100,4
811, east  london ,za,-33.0153,27.9116,75.25,61,91,18.59
812,hilo,us,19.7297,-155.09,75.04,62,1,5.84
813,ushuaia,ar,-54.8,-68.3,66.83,58,98,4.29
814,atuona,pf,-9.8,-139.0333,79.83,76,75,21.41
815,rikitea,pf,-23.1203,-134.9692,78.37,70,29,5.55
816,bathsheba,bb,13.2167,-59.5167,84.2,64,13,15.52
817, alice  springs ,au,-23.7,133.8833,88.03,48,55,18.77
818,vaini,to,-21.2,-175.2,80.87,83,100,33.02
819, puerto  ayora ,ec,-0.7393,-90.3518,80.91,79,87,8.32
820,vaini,to,-21.2,-175.2,80.87,83,100,33.02
821, ponta  do  sol ,cv,17.1994,-25.0919,73.4,71,100,16.78
822,thompson,ca,55.7435,-97.8558,-8.72,76,95,12.77
823,butaritari,ki,3.0707,172.7902,82.09,83,68,20.54
824,chilliwack,ca,49.1747,-121.9443,33.26,87,98,7.36
825,kochi,in,9.9399,76.2602,87.96,36,63,2.1
826,georgetown,sh,-7.9333,-14.4167,82.4,80,69,16.8
827,saint-philippe,re,-21.3585,55.7679,81.79,71,40,13.94
828,anuchino,ru,43.9622,133.0544,15.64,86,0,6.8
829,klaksvik,fo,62.2266,-6.589,39.02,74,92,22.84
830,ono,jp,34.85,134.9333,43.93,62,27,3.94
831,dikson,ru,73.5069,80.5464,-28.35,86,89,11.86
832,souillac,mu,-20.5167,57.5167,84.67,64,11,12.08
833,nantucket,us,41.2835,-70.0995,35.62,87,0,23.2
834,butaritari,ki,3.0707,172.7902,82.09,83,68,20.54
835,avarua,ck,-21.2078,-159.775,82.62,74,27,11.86
836,roura,gf,4.7263,-52.3274,84.2,83,98,7.29
837,atuona,pf,-9.8,-139.0333,79.83,76,75,21.41
838,ushuaia,ar,-54.8,-68.3,66.83,58,98,4.29
839,mwense,zm,-10.3845,28.698,77.86,81,50,4.54
840,derzhavinsk,kz,51.1,66.3167,14.36,90,100,20.33
841,lebu,cl,-37.6167,-73.65,65.8,74,57,8.88
842,atuona,pf,-9.8,-139.0333,79.83,76,75,21.41
843, arraial  do  cabo ,br,-22.9661,-42.0278,73.11,93,100,2.66
844,busselton,au,-33.65,115.3333,70.2,61,75,15.19
845,rikitea,pf,-23.1203,-134.9692,78.37,70,29,5.55
846,necochea,ar,-38.5473,-58.7368,67.51,54,56,18.75
847,hermanus,za,-34.4187,19.2345,75,60,25,4.76
848,souillac,mu,-20.5167,57.5167,84.67,64,11,12.08
849, puerto  ayora ,ec,-0.7393,-90.3518,80.91,79,87,8.32
850,ballangen,no,68.3428,16.8315,30.18,94,96,3.65
851, sao  filipe ,cv,14.8961,-24.4956,71.64,69,71,10.96
852,hamilton,bm,32.2915,-64.778,70.11,73,100,14.79
853,rikitea,pf,-23.1203,-134.9692,78.37,70,29,5.55
854,burnie,au,-41.0667,145.9167,61.54,52,58,10.16
855,ahipara,nz,-35.1667,173.1667,74.61,61,100,11.79
856,hilo,us,19.7297,-155.09,75.04,62,1,5.84
857,samarai,pg,-10.6167,150.6667,85.78,71,100,2.3
858,rikitea,pf,-23.1203,-134.9692,78.37,70,29,5.55
859,ushuaia,ar,-54.8,-68.3,66.83,58,98,4.29
860,rikitea,pf,-23.1203,-134.9692,78.37,70,29,5.55
861,avarua,ck,-21.2078,-159.775,82.62,74,27,11.86
862,hilo,us,19.7297,-155.09,75.04,62,1,5.84
863,vao,nc,-22.6667,167.4833,78.64,79,0,6.2
864, verkhnyaya  inta ,ru,65.9811,60.3094,-11.56,88,100,8.12
865,mahebourg,mu,-20.4081,57.7,82.98,69,22,11.07
866,jiaozuo,cn,35.2397,113.2331,56.21,42,34,5.95
867,nenjiang,cn,49.1833,125.2167,14.79,89,11,4
868,kondinskoye,ru,59.6481,67.41,0.5,90,100,9.48
869, cap  malheureux ,mu,-19.9842,57.6142,82.06,75,7,12.86
870,georgetown,sh,-7.9333,-14.4167,82.4,80,69,16.8
871,connersville,us,39.6412,-85.1411,26.98,53,89,5.08
872, cockburn  town ,bs,24.0333,-74.5167,77.27,83,0,11.18
873, punta  arenas ,cl,-53.15,-70.9167,69.4,52,99,13.6
874,vaini,to,-21.2,-175.2,80.87,83,100,33.02
875,lesnoy,ru,57.6198,63.0784,-2.87,86,99,10.83
876,butaritari,ki,3.0707,172.7902,82.09,83,68,20.54
877,pringsewu,id,-5.3582,104.9744,85.57,73,69,3.13
878,sabzevar,ir,36.2126,57.6819,56.97,58,99,0.31
879, punta  arenas ,cl,-53.15,-70.9167,69.4,52,99,13.6
880, port  alfred ,za,-33.5906,26.891,75.6,57,81,20.22
881,houma,us,29.5958,-90.7195,70.47,66,69,13.09
882,balakhninskiy,ru,58.0106,114.2769,22.73,94,95,2.33
883, truth  or  consequences ,us,33.1284,-107.2528,70,20,0,6.2
884,otjimbingwe,na,-22.35,16.1333,99.3,17,0,19.69
885,zhigansk,ru,66.7697,123.3711,-20.36,82,9,3.98
886,thompson,ca,55.7435,-97.8558,-8.72,76,95,12.77
887,kruisfontein,za,-34.0033,24.7314,77.04,46,58,20.07
888,atuona,pf,-9.8,-139.0333,79.83,76,75,21.41
889,kirakira,sb,-10.4544,161.9205,86.05,70,60,10.96
890, henties  bay ,na,-22.116,14.2845,69.49,71,36,12.44
891,jamestown,sh,-15.9387,-5.7168,69.19,88,85,12.39
892,souillac,mu,-20.5167,57.5167,84.67,64,11,12.08
893,esperance,au,-33.8667,121.9,71.44,60,17,8.79
894,goure,ne,13.9835,10.2704,88.88,13,0,11.48
895,saint-pierre,pm,46.7654,-56.1695,35.56,92,100,46.33
896,qaqortoq,gl,60.7167,-46.0333,39.2,87,99,11.23
897,borogontsy,ru,62.6683,131.1683,-15.3,86,79,5.21
898,nikolskoye,ru,59.7035,30.7861,12.74,94,50,2.26
899,hermanus,za,-34.4187,19.2345,75,60,25,4.76
900,dongli,cn,23.5656,116.8194,66.43,57,99,13.44
901,changji,cn,44.0167,87.3167,32.2,98,85,7.25
902, marsh  harbour ,bs,26.5412,-77.0636,76.82,80,0,7.58
903,ushuaia,ar,-54.8,-68.3,66.83,58,98,4.29
904,kaiyuan,cn,23.6977,103.3037,52.74,80,100,2.37
905,atuona,pf,-9.8,-139.0333,79.83,76,75,21.41
906,nata,bw,-20.2167,26.1833,85.98,51,92,10.22
907,veraval,in,20.9,70.3667,82.65,23,0,3.49
908,carauari,br,-4.8828,-66.8958,88.72,75,98,4.25
909, broken  hill ,au,-31.95,141.4333,88.56,20,0,8.57
910,bluff,nz,-46.6,168.3333,60.26,92,100,12.12
911,coihaique,cl,-45.5752,-72.0662,81.27,31,0,5.35
912,saint-philippe,re,-21.3585,55.7679,81.79,71,40,13.94
913,yulara,au,-25.2406,130.9889,99.64,16,22,20.13
914, port  augusta ,au,-32.5,137.7667,93.29,16,0,3.76
915,butaritari,ki,3.0707,172.7902,82.09,83,68,20.54
916,tuatapere,nz,-46.1333,167.6833,60.84,93,100,10.4
917,yomou,gn,7.5603,-9.2653,99.84,33,66,2.04
918, new  norfolk ,au,-42.7826,147.0587,61.23,50,100,4
919, port  hardy ,ca,50.6996,-127.4199,36.09,79,1,4.68
920, new  norfolk ,au,-42.7826,147.0587,61.23,50,100,4
921,bud,no,62.9088,6.9145,28.87,86,0,12.55
922,mehamn,no,71.0357,27.8492,24.8,93,99,18.48
923,touros,br,-5.1989,-35.4608,89.6,59,81,13.62
924,iwanai,jp,42.9744,140.5089,23.07,93,100,17.6
925,miyako,jp,39.6367,141.9525,33.04,80,2,16.02
926,lagoa,pt,39.05,-27.9833,60.17,89,100,30.67
927, arraial  do  cabo ,br,-22.9661,-42.0278,73.11,93,100,2.66
928, punta  arenas ,cl,-53.15,-70.9167,69.4,52,99,13.6
929, mar  del  plata ,ar,-38.0023,-57.5575,68,61,28,18.63
930,qaanaaq,gl,77.484,-69.3632,21.79,81,100,4.5
931,atuona,pf,-9.8,-139.0333,79.83,76,75,21.41
932,busselton,au,-33.65,115.3333,70.2,61,75,15.19
933,hithadhoo,mv,-0.6,73.0833,83.07,72,65,11.07
934,albany,au,-35.0169,117.8917,76.1,48,25,8.46
935,faanui,pf,-16.4833,-151.75,81.93,77,13,12.97
936,vaini,to,-21.2,-175.2,80.87,83,100,33.02
937,vrangel,ru,42.7297,133.0839,21.02,77,55,13.71
938, new  norfolk ,au,-42.7826,147.0587,61.23,50,100,4
939,juegang,cn,32.3174,121.1855,46.9,58,5,9.37
940,dale,no,60.5864,5.8189,22.12,80,0,5.91
941, san  cristobal ,ec,-0.9045,-89.6174,84.2,85,63,9.86
942, cape  town ,za,-33.9258,18.4232,74.55,61,7,13.94
943,ushuaia,ar,-54.8,-68.3,66.83,58,98,4.29
944,albany,au,-35.0169,117.8917,76.1,48,25,8.46
945,bosobolo,cd,4.1833,19.9,101.19,11,96,6.6
946,upington,za,-28.4478,21.2561,98.69,15,0,2.91
947,millinocket,us,45.6573,-68.7098,23.41,86,0,11.72
948,katsuura,jp,35.1333,140.3,43.93,55,7,14.34
949,nicoya,cr,10.1483,-85.452,93.63,38,0,12.57
950,hermanus,za,-34.4187,19.2345,75,60,25,4.76
951,torbay,ca,47.6666,-52.7314,33.71,99,100,33.35
952, grand  gaube ,mu,-20.0064,57.6608,81.91,76,6,12.48
953,avarua,ck,-21.2078,-159.775,82.62,74,27,11.86
954,aksu,kz,52.0333,76.9167,36.75,99,100,24.63
955, saint  george ,bm,32.3817,-64.6781,69.75,73,100,14.9
956,kapaa,us,22.0752,-159.319,74.71,57,53,10.18
957,iaciara,br,-14.0958,-46.6317,75.43,89,91,5.17
958,bluff,nz,-46.6,168.3333,60.26,92,100,12.12
959,cidreira,br,-30.1811,-50.2056,76.33,61,0,8.52
960,vaini,to,-21.2,-175.2,80.87,83,100,33.02
961, punta  arenas ,cl,-53.15,-70.9167,69.4,52,99,13.6
